Party,handicapped-infants,water-project-cost-sharing,adoption-of-the-budget-resolution,physician-fee-freeze,el-salvador-aid,religious-groups-in-schools,anti-satellite-test-ban,aid-to-nicaraguan-contras,mx-missile,immigration,synfuels-corporation-cutback,education-spending,superfund-right-to-sue,crime,duty-free-exports,export-administration-act-south-africa
republican,n,y,n,y,y,y,n,n,n,y,NS,y,y,y,n,y
republican,n,y,n,y,y,y,n,n,n,n,n,y,y,y,n,NS
democrat,NS,y,y,NS,y,y,n,n,n,n,y,n,y,y,n,n
democrat,n,y,y,n,NS,y,n,n,n,n,y,n,y,n,n,y
democrat,y,y,y,n,y,y,n,n,n,n,y,NS,y,y,y,y
democrat,n,y,y,n,y,y,n,n,n,n,n,n,y,y,y,y
democrat,n,y,n,y,y,y,n,n,n,n,n,n,NS,y,y,y
republican,n,y,n,y,y,y,n,n,n,n,n,n,y,y,NS,y
republican,n,y,n,y,y,y,n,n,n,n,n,y,y,y,n,y
democrat,y,y,y,n,n,n,y,y,y,n,n,n,n,n,NS,NS
republican,n,y,n,y,y,n,n,n,n,n,NS,NS,y,y,n,n
republican,n,y,n,y,y,y,n,n,n,n,y,NS,y,y,NS,NS
democrat,n,y,y,n,n,n,y,y,y,n,n,n,y,n,NS,NS
democrat,y,y,y,n,n,y,y,y,NS,y,y,NS,n,n,y,NS
republican,n,y,n,y,y,y,n,n,n,n,n,y,NS,NS,n,NS
republican,n,y,n,y,y,y,n,n,n,y,n,y,y,NS,n,NS
democrat,y,n,y,n,n,y,n,y,NS,y,y,y,NS,n,n,y
democrat,y,NS,y,n,n,n,y,y,y,n,n,n,y,n,y,y
republican,n,y,n,y,y,y,n,n,n,n,n,NS,y,y,n,n
democrat,y,y,y,n,n,n,y,y,y,n,y,n,n,n,y,y
democrat,y,y,y,n,n,NS,y,y,n,n,y,n,n,n,y,y
democrat,y,y,y,n,n,n,y,y,y,n,n,n,NS,NS,y,y
democrat,y,NS,y,n,n,n,y,y,y,n,n,NS,n,n,y,y
democrat,y,y,y,n,n,n,y,y,y,n,n,n,n,n,y,y
democrat,y,n,y,n,n,n,y,y,y,n,n,n,n,n,y,NS
democrat,y,n,y,n,n,n,y,y,y,y,n,n,n,n,y,y
democrat,y,n,y,n,n,n,y,y,y,n,y,n,n,n,y,y
democrat,y,y,y,n,n,n,y,y,y,n,y,n,n,n,y,y
republican,y,n,n,y,y,n,y,y,y,n,n,y,y,y,n,y
democrat,y,y,y,n,n,n,y,y,y,n,y,n,n,n,y,y
republican,n,y,n,y,y,y,n,n,n,n,n,y,y,y,n,n
democrat,y,y,y,n,n,n,y,y,y,n,y,n,n,n,y,NS
democrat,y,y,y,n,n,n,y,y,y,y,n,n,y,n,y,y
republican,n,y,n,y,y,y,n,n,n,n,n,y,y,y,n,y
democrat,y,y,y,n,n,n,y,y,y,n,n,n,n,n,y,y
republican,n,y,n,y,y,y,n,n,n,n,n,y,y,y,n,n
republican,y,NS,n,y,y,y,n,n,n,y,n,y,NS,y,n,y
republican,y,y,n,y,y,y,n,n,n,n,n,n,y,y,n,y
republican,n,y,n,y,y,y,n,n,n,y,n,y,y,y,n,n
democrat,y,n,y,n,n,n,y,y,y,y,y,n,y,n,y,y
democrat,y,y,y,n,n,n,y,y,y,n,NS,n,n,n,n,NS
democrat,y,y,y,n,n,n,y,y,y,n,n,n,n,n,y,NS
democrat,y,n,y,n,n,n,y,y,y,n,n,n,n,n,n,y
democrat,y,n,y,n,n,n,y,y,y,n,n,n,n,n,y,y
democrat,y,y,y,n,n,n,y,y,y,n,y,n,n,n,n,NS
democrat,y,y,y,n,n,n,y,y,NS,n,y,n,n,n,y,NS
democrat,y,y,y,n,n,n,y,y,y,n,n,n,n,n,n,y
democrat,y,n,y,n,n,n,y,y,NS,n,n,n,n,n,n,NS
democrat,y,y,y,n,n,n,y,y,n,n,n,n,n,y,n,y
republican,n,NS,n,y,y,y,n,n,n,n,n,y,y,y,n,n
democrat,y,y,y,n,n,n,y,y,y,n,y,n,n,n,y,y
republican,n,y,n,y,y,y,n,NS,n,n,n,y,y,y,n,y
democrat,y,y,y,n,n,n,y,y,y,n,n,n,n,n,NS,NS
republican,y,y,n,y,y,y,n,n,n,y,n,y,y,y,n,n
democrat,y,y,y,n,n,y,NS,y,n,n,y,y,n,y,n,NS
republican,n,y,n,y,y,y,n,n,n,y,y,y,y,y,n,n
republican,n,y,n,y,y,y,n,n,n,y,y,y,y,y,n,y
republican,n,y,n,y,y,y,n,n,n,y,n,y,y,y,n,y
republican,n,y,n,y,y,y,n,n,n,y,n,y,y,y,n,y
republican,n,y,n,y,y,y,n,n,n,y,n,y,y,y,n,NS
democrat,y,y,y,n,n,NS,y,y,y,y,n,n,n,n,y,NS
republican,n,y,n,y,y,y,n,n,n,n,n,y,y,y,n,n
democrat,y,y,y,n,n,n,y,y,y,n,n,n,n,n,n,NS
democrat,y,y,y,n,n,n,y,y,y,n,y,n,n,n,n,y
democrat,y,y,y,n,n,n,y,y,y,n,y,NS,n,n,n,y
republican,y,y,n,y,y,y,y,n,n,n,n,y,y,y,n,y
republican,n,y,n,y,y,y,y,n,n,n,y,y,y,y,n,y
republican,n,y,n,y,y,y,n,n,n,y,n,y,y,y,n,n
democrat,y,NS,y,n,n,n,y,y,y,n,n,n,y,n,y,y
democrat,y,y,y,n,n,n,y,y,y,n,n,n,n,n,y,y
democrat,y,n,y,n,n,n,y,y,y,n,n,n,y,n,y,NS
republican,y,y,y,y,n,n,y,y,y,y,y,n,n,y,n,y
democrat,y,y,y,n,n,n,y,y,y,n,y,n,n,n,y,NS
republican,y,n,y,y,y,n,y,n,y,y,n,n,y,y,n,y
democrat,y,n,y,n,n,y,y,y,y,y,y,n,n,y,y,y
democrat,n,y,y,y,y,y,n,n,n,y,y,n,y,y,n,n
democrat,n,y,y,n,y,y,n,n,n,y,y,y,y,y,n,NS
democrat,n,y,y,y,y,y,n,y,y,y,y,y,y,y,n,y
democrat,y,y,y,n,y,y,n,n,n,y,y,n,y,y,n,y
republican,n,n,n,y,y,n,n,n,n,y,n,y,y,y,n,n
democrat,y,n,y,n,n,y,y,y,y,y,n,y,n,y,n,NS
democrat,y,n,y,n,n,n,y,y,NS,y,y,y,n,y,n,y
republican,n,n,n,y,y,y,n,n,n,y,n,y,y,y,n,y
republican,n,n,n,y,y,y,n,n,n,n,n,y,y,y,n,n
republican,n,NS,n,y,y,y,n,n,n,y,n,y,y,y,n,n
democrat,n,n,y,n,y,y,n,n,n,y,y,y,y,y,n,y
republican,n,n,n,y,y,y,n,n,n,y,n,y,y,y,n,n
republican,n,n,n,y,y,y,n,n,n,n,n,y,y,y,n,n
democrat,n,y,y,n,y,y,y,n,y,y,y,n,y,y,n,y
republican,n,n,n,y,y,y,n,n,n,y,n,NS,y,y,n,NS
democrat,y,n,y,n,n,n,y,y,y,y,n,n,n,n,y,y
democrat,y,n,y,n,n,n,y,y,y,y,y,n,n,n,y,y
democrat,y,y,y,n,n,n,y,y,n,y,y,n,n,NS,y,y
democrat,y,n,y,n,n,n,y,n,y,y,y,n,n,n,y,y
democrat,y,n,y,n,y,y,n,n,n,n,n,n,n,n,n,y
democrat,y,n,y,n,y,y,n,NS,NS,n,y,NS,NS,NS,y,y
democrat,n,n,NS,n,y,y,n,n,n,n,y,y,y,y,n,y
democrat,y,n,n,n,y,y,y,n,n,y,y,n,n,y,n,y
democrat,y,y,y,n,n,y,y,y,y,y,n,n,n,n,n,y
republican,n,n,n,y,y,y,n,n,n,y,NS,y,y,y,n,n
democrat,y,n,n,n,y,y,n,n,n,n,y,y,n,y,n,y
democrat,y,n,y,n,y,y,y,n,n,n,y,n,n,y,n,y
democrat,y,n,y,n,y,y,y,n,NS,n,y,n,y,y,y,NS
democrat,y,n,n,n,y,y,NS,n,NS,n,n,n,n,y,NS,n
democrat,NS,NS,NS,NS,n,y,y,y,y,y,NS,n,y,y,n,NS
democrat,y,y,y,n,n,n,n,y,y,n,y,n,n,n,y,y
republican,n,y,n,y,y,y,n,n,n,n,n,y,y,y,n,y
republican,n,NS,NS,NS,NS,NS,NS,NS,NS,NS,NS,NS,NS,y,NS,NS
democrat,y,NS,y,n,n,n,y,y,y,n,n,n,n,n,y,NS
democrat,y,NS,y,n,n,n,y,y,y,n,n,n,n,n,y,NS
democrat,n,n,y,n,n,n,y,y,y,y,n,n,n,n,y,y
republican,n,NS,n,y,y,y,n,n,n,y,n,y,y,y,n,y
democrat,n,NS,y,n,n,y,y,y,n,y,n,n,n,n,y,NS
republican,n,NS,n,y,y,y,n,n,n,y,n,y,y,y,n,n
democrat,y,NS,y,n,n,n,y,y,y,n,n,n,n,n,y,NS
democrat,n,NS,y,n,NS,NS,y,y,y,y,NS,NS,n,n,y,y
democrat,y,n,y,n,n,n,y,y,y,n,y,n,n,n,y,y
republican,y,y,y,y,y,n,y,n,n,n,n,y,y,y,n,y
democrat,n,y,y,n,n,n,n,y,y,y,y,n,n,n,y,y
republican,n,n,n,y,y,y,n,n,n,n,n,y,y,y,n,n
republican,n,NS,NS,y,y,y,n,n,n,y,n,y,y,y,NS,y
republican,n,NS,n,y,y,y,n,n,n,y,n,y,y,y,n,y
republican,n,n,n,y,y,y,n,n,n,y,n,y,n,y,n,y
republican,y,NS,n,y,y,y,n,y,n,n,n,y,y,y,n,y
democrat,n,NS,y,n,n,n,y,y,y,n,n,n,n,n,y,y
republican,n,NS,n,y,y,y,n,n,n,y,n,y,y,y,n,y
republican,n,NS,n,y,y,y,n,n,n,n,n,y,y,y,n,n
democrat,n,NS,y,n,n,n,y,y,y,y,y,n,n,y,y,y
democrat,n,NS,y,n,n,y,n,y,n,y,y,n,n,n,y,y
democrat,NS,NS,y,n,n,n,y,y,NS,n,NS,NS,NS,NS,NS,NS
democrat,y,NS,y,n,NS,NS,y,y,y,n,n,n,n,n,y,NS
democrat,n,n,y,n,n,y,n,y,y,y,n,n,n,y,n,y
republican,n,n,n,y,y,y,n,n,n,y,n,y,y,y,n,NS
republican,n,n,n,y,y,y,n,n,n,y,n,y,y,y,n,y
republican,n,n,n,y,y,y,n,n,n,n,n,y,y,y,n,NS
republican,n,n,n,y,y,y,n,n,n,y,n,y,y,y,n,n
republican,n,y,n,y,y,y,n,n,n,y,y,y,y,n,n,y
democrat,n,NS,y,n,n,y,y,y,y,y,n,n,n,y,y,y
democrat,n,n,y,n,n,y,y,y,y,y,n,n,n,y,n,y
democrat,y,n,y,n,n,y,y,y,y,n,n,n,n,n,y,y
republican,n,n,n,y,n,n,y,y,y,y,n,n,y,y,n,y
republican,n,n,n,y,y,y,y,y,y,y,n,y,y,y,NS,y
republican,n,n,n,y,y,y,y,y,y,y,n,y,y,y,n,y
democrat,NS,y,n,n,n,n,y,y,y,y,y,n,n,y,y,y
democrat,n,NS,n,n,n,y,y,y,y,y,n,n,n,y,n,NS
democrat,n,n,y,n,n,y,y,y,y,y,n,n,n,y,NS,y
republican,n,y,n,y,y,y,n,n,n,n,n,y,y,y,n,y
democrat,n,n,n,n,n,n,y,y,y,y,n,y,y,y,y,y
republican,n,y,n,y,y,y,n,n,n,y,y,y,y,y,n,y
democrat,n,n,y,n,n,n,y,y,y,y,n,n,y,n,y,y
republican,y,y,n,y,y,y,n,n,n,y,n,y,y,y,n,y
democrat,y,y,NS,y,y,y,n,n,y,n,y,NS,y,y,n,n
democrat,n,y,y,n,n,y,n,y,y,y,y,n,y,n,y,y
democrat,n,n,y,n,n,y,y,y,y,y,y,n,y,y,n,y
republican,n,y,n,y,y,y,n,n,n,n,n,y,y,y,n,n
republican,y,y,n,y,y,y,n,NS,n,n,y,y,y,y,n,n
republican,y,y,n,y,y,y,y,n,n,n,n,y,y,y,n,n
democrat,n,y,y,n,n,y,n,y,y,n,y,n,NS,NS,NS,NS
republican,n,y,n,y,y,y,n,n,n,y,n,y,y,y,n,n
democrat,n,y,y,n,NS,y,y,y,y,y,y,n,n,NS,n,NS
democrat,n,y,n,n,y,y,n,n,n,n,n,y,y,y,y,y
democrat,n,n,n,n,y,y,y,n,n,n,n,y,y,y,n,y
democrat,n,y,y,n,y,y,y,n,n,n,y,y,y,y,n,y
republican,n,y,n,y,y,y,y,n,n,n,n,y,y,y,n,y
democrat,y,y,n,n,y,y,n,n,n,y,y,y,y,y,n,NS
democrat,n,y,y,n,n,y,y,y,y,y,y,n,y,n,y,NS
republican,y,n,y,y,y,y,y,y,n,y,n,y,n,y,y,y
republican,y,n,y,y,y,y,y,y,n,y,y,y,n,y,y,y
democrat,n,n,y,y,y,y,n,n,y,n,n,n,y,y,y,NS
democrat,y,n,y,n,n,n,y,y,y,y,y,n,n,y,n,y
democrat,y,n,y,n,n,n,NS,y,y,NS,n,n,n,n,y,NS
republican,n,NS,n,y,y,y,n,n,n,y,n,y,y,y,n,y
democrat,n,y,y,n,n,n,y,y,y,y,n,n,NS,n,y,y
democrat,n,n,n,n,y,y,n,n,n,y,y,y,y,y,n,y
democrat,y,NS,y,n,n,n,y,y,y,n,n,n,n,n,y,NS
democrat,n,y,y,n,n,n,y,y,y,y,n,n,n,n,y,y
republican,n,n,y,y,n,n,y,y,y,y,n,n,n,y,y,y
democrat,n,n,y,n,n,n,y,y,y,y,y,NS,n,n,y,y
democrat,NS,n,y,n,n,n,y,y,y,y,y,NS,n,n,y,NS
democrat,y,n,y,n,n,n,y,y,y,y,n,n,n,n,y,y
democrat,NS,NS,y,n,n,n,y,y,y,NS,NS,n,n,n,NS,NS
democrat,n,n,y,n,n,n,y,y,y,y,y,n,n,n,y,y
democrat,y,NS,y,n,n,n,y,y,y,n,n,n,n,n,y,y
democrat,NS,NS,NS,NS,NS,NS,NS,NS,y,NS,NS,NS,NS,NS,NS,NS
democrat,n,n,y,n,n,n,y,y,y,y,y,n,n,n,y,y
democrat,y,n,y,n,n,n,y,y,y,y,n,NS,n,n,y,y
democrat,n,y,y,n,n,n,y,y,y,y,y,n,n,n,y,y
democrat,y,n,y,n,n,n,y,y,y,n,n,n,n,n,y,NS
republican,y,NS,n,y,y,y,y,y,n,n,n,y,NS,y,NS,NS
democrat,y,n,y,n,n,n,y,y,y,n,n,n,n,n,y,y
republican,n,NS,n,y,y,y,n,n,n,n,n,y,y,y,n,NS
republican,n,y,n,y,y,y,n,NS,n,y,n,y,y,y,n,NS
democrat,n,n,n,n,n,y,y,y,y,n,y,n,n,y,y,y
democrat,n,n,y,n,n,n,y,y,y,n,n,n,n,n,y,y
democrat,n,n,y,n,n,y,y,NS,y,y,y,n,n,n,y,y
republican,n,n,n,y,y,y,n,n,n,n,n,y,y,y,n,NS
democrat,n,n,y,n,n,y,y,y,y,n,y,y,n,y,y,NS
republican,n,NS,y,y,y,y,n,n,n,y,n,n,n,y,n,y
democrat,n,n,y,n,n,n,y,y,y,y,y,n,NS,n,y,NS
democrat,y,y,n,n,n,n,y,y,NS,n,y,n,n,n,y,NS
democrat,n,n,y,n,n,n,y,y,y,n,n,n,n,y,y,y
democrat,y,y,y,n,n,n,y,y,y,n,n,n,n,n,y,y
democrat,y,n,y,n,n,y,y,y,y,y,y,n,n,n,y,y
democrat,y,n,y,n,n,n,y,y,y,y,n,n,n,n,y,y
republican,n,n,y,y,y,y,y,n,n,n,n,y,y,y,n,y
democrat,n,n,y,n,n,y,y,y,y,y,n,y,n,n,n,y
republican,n,n,n,y,y,y,n,n,n,y,n,y,n,y,n,y
republican,y,NS,n,y,y,y,y,n,n,y,n,y,y,y,n,y
democrat,n,n,y,n,n,n,y,y,y,n,n,NS,n,n,y,y
democrat,y,y,y,n,n,n,y,y,y,y,y,n,n,n,n,y
democrat,n,n,y,n,n,y,y,y,y,n,n,n,n,n,y,y
republican,n,y,n,y,y,y,n,n,n,y,n,y,y,y,n,y
democrat,n,n,y,n,n,n,y,y,y,n,y,n,n,n,y,y
democrat,n,y,y,n,n,y,n,y,y,n,y,n,y,n,y,y
republican,y,y,n,y,y,y,n,n,n,y,n,y,y,y,n,y
democrat,n,y,y,y,y,y,n,n,n,y,y,y,y,y,y,NS
democrat,y,y,y,n,y,y,n,n,NS,y,n,n,n,y,y,NS
republican,n,y,n,y,y,y,n,n,n,y,n,y,y,y,n,n
democrat,y,NS,y,n,n,n,y,y,y,n,NS,n,n,n,y,NS
democrat,n,y,y,n,n,n,n,y,y,n,y,n,n,y,y,y
democrat,n,n,y,n,n,n,y,y,y,n,n,n,n,n,y,NS
democrat,n,y,y,n,y,y,n,n,n,n,y,n,n,n,y,NS
democrat,y,n,y,n,n,n,y,y,y,n,y,n,n,n,y,NS
republican,n,n,n,y,y,n,n,n,n,n,n,y,y,y,n,y
republican,n,y,n,y,y,y,n,n,n,y,n,NS,y,y,n,n
republican,n,NS,n,y,y,y,n,n,n,n,n,y,y,y,n,y
democrat,n,n,y,n,n,y,y,y,y,n,y,n,n,y,y,y
democrat,y,n,y,n,n,n,y,y,y,n,n,n,n,n,NS,y
republican,n,y,n,y,y,y,n,n,n,n,n,y,y,NS,n,y
republican,n,y,y,y,y,y,y,n,y,y,n,y,y,y,n,y
republican,n,y,n,y,y,y,n,n,n,n,n,y,y,y,n,y
republican,n,y,n,y,y,y,n,n,y,y,n,y,y,y,n,y
democrat,n,y,y,n,n,n,y,y,n,n,y,n,n,n,y,NS
republican,n,y,n,y,y,y,n,n,n,y,n,y,y,y,n,y
democrat,n,n,y,n,n,y,y,y,y,y,n,y,n,y,y,NS
republican,n,n,n,y,y,y,n,n,n,y,n,y,n,y,n,y
democrat,n,n,y,n,n,n,y,y,y,n,n,n,n,n,y,y
democrat,y,n,y,n,n,y,y,y,n,n,n,y,y,n,n,y
democrat,y,y,y,n,n,n,y,y,NS,y,n,n,n,n,y,NS
republican,n,n,n,y,y,y,y,n,n,y,n,n,n,y,y,y
republican,n,n,n,y,n,y,y,NS,y,n,n,y,y,y,n,y
democrat,y,n,y,n,n,n,y,y,y,y,y,n,n,y,y,y
republican,n,n,n,n,y,y,y,n,n,n,n,NS,n,y,y,y
democrat,n,y,y,n,n,n,y,y,NS,y,n,n,y,n,y,y
democrat,y,n,y,n,n,n,n,y,y,y,n,n,n,n,y,y
democrat,y,n,y,n,n,n,y,y,y,y,y,n,n,n,y,y
democrat,n,n,y,n,y,n,y,y,y,n,n,n,n,y,NS,y
republican,n,y,n,y,y,y,NS,n,n,n,n,NS,y,y,n,n
republican,NS,NS,NS,NS,NS,NS,NS,NS,NS,NS,NS,NS,NS,NS,NS,NS
democrat,y,n,y,n,n,n,y,y,NS,n,y,n,n,n,y,y
republican,n,y,n,y,y,y,n,n,n,n,n,y,y,y,n,n
republican,n,y,n,y,y,y,n,n,n,n,n,y,y,y,n,n
democrat,y,y,y,n,n,y,y,y,y,n,n,n,n,n,y,y
republican,n,y,n,y,y,y,n,n,n,n,n,y,y,y,n,y
democrat,y,n,y,n,n,n,y,y,y,y,n,n,n,n,n,y
democrat,y,n,y,n,n,n,y,y,y,y,n,n,n,y,y,y
republican,n,n,n,y,y,n,n,n,n,n,n,y,n,y,n,n
republican,n,n,n,y,y,n,n,n,n,n,n,y,n,y,NS,y
democrat,n,n,y,n,n,n,y,y,y,n,y,n,n,n,y,y
democrat,y,n,y,n,n,n,y,y,y,n,n,n,n,n,n,y
democrat,y,n,y,n,n,n,y,y,y,y,n,n,n,n,n,y
democrat,y,n,y,n,n,NS,y,y,y,n,NS,NS,n,NS,NS,NS
democrat,y,n,y,n,n,n,y,y,y,y,n,n,NS,n,y,y
democrat,y,n,y,n,n,n,y,y,y,n,n,n,n,n,y,NS
democrat,y,n,y,n,n,n,y,y,y,n,n,n,n,n,y,NS
democrat,y,n,y,n,n,n,y,y,y,y,n,n,n,n,n,y
republican,n,n,n,y,y,y,n,n,n,y,n,y,n,y,n,y
republican,y,n,n,n,n,n,y,y,y,y,n,n,n,y,n,y
democrat,y,n,y,n,n,n,y,y,y,n,n,n,n,n,y,NS
democrat,y,n,y,n,n,n,y,y,y,n,n,n,n,n,n,y
democrat,y,y,y,n,n,n,y,y,y,n,n,n,n,n,y,y
democrat,n,y,y,n,n,y,y,y,y,n,NS,n,n,n,n,y
democrat,y,n,y,n,n,n,y,y,y,y,n,n,n,n,y,NS
republican,n,n,n,y,y,n,y,y,n,y,n,y,y,y,NS,y
republican,y,n,n,y,y,n,y,n,n,y,n,n,n,y,y,y
democrat,n,n,y,n,y,y,n,n,n,n,NS,n,y,y,n,n
republican,n,n,n,y,y,y,n,n,n,n,n,y,y,y,y,n
republican,n,n,y,y,y,y,y,y,n,y,n,n,n,y,n,y
republican,n,n,n,y,y,y,n,n,n,n,n,y,y,y,n,y
republican,n,n,n,y,y,y,n,n,n,y,n,y,y,y,n,n
democrat,n,n,y,n,n,n,y,y,y,y,n,n,n,y,n,y
republican,y,n,y,y,y,y,y,y,n,n,n,n,n,y,n,NS
republican,y,n,n,y,y,y,n,n,n,y,n,NS,y,y,n,n
republican,n,n,n,y,y,y,n,n,n,n,n,y,y,y,n,y
democrat,n,n,y,n,n,y,y,y,y,y,y,n,n,n,NS,y
democrat,n,n,y,n,n,y,y,y,y,y,y,n,n,n,y,y
democrat,n,n,y,n,n,y,NS,y,NS,y,y,y,n,y,y,NS
democrat,y,y,y,NS,n,y,y,y,y,n,y,n,y,n,NS,y
democrat,y,y,y,n,y,y,n,y,n,y,y,n,y,y,y,y
democrat,y,y,y,n,y,y,n,y,n,y,y,n,y,y,n,NS
democrat,y,n,y,n,NS,y,NS,y,y,y,n,n,y,y,n,y
democrat,y,n,y,n,n,y,y,y,y,y,n,NS,n,y,n,y
democrat,y,n,y,n,n,y,y,y,n,y,y,n,y,y,y,y
democrat,y,y,y,n,n,y,y,y,y,y,y,n,y,y,y,y
democrat,n,y,y,n,n,y,y,y,n,y,y,n,y,y,n,NS
republican,n,y,n,y,y,y,NS,NS,n,y,n,y,NS,NS,NS,NS
republican,n,n,y,y,y,y,n,n,n,y,n,y,y,y,y,y
democrat,y,y,y,n,n,y,y,y,y,y,n,n,NS,n,y,NS
democrat,n,y,n,n,n,n,y,y,y,y,y,n,n,n,y,y
democrat,n,y,y,n,n,y,y,y,y,y,n,n,y,y,y,y
republican,n,n,n,y,y,n,y,y,y,y,n,y,y,y,n,y
democrat,n,n,NS,n,n,y,y,y,y,n,n,n,n,n,y,y
republican,n,n,n,y,y,y,y,n,n,y,n,y,y,y,n,y
republican,n,n,n,y,y,y,n,n,n,n,n,y,y,y,n,n
republican,n,y,n,y,y,y,n,n,n,y,n,y,y,y,n,NS
republican,n,n,n,y,y,y,n,n,n,y,n,y,y,y,n,n
republican,n,n,n,y,y,y,n,n,n,n,n,y,y,y,n,n
democrat,y,n,y,n,n,y,y,y,y,n,n,n,n,y,n,NS
republican,n,n,n,y,y,y,n,n,n,y,n,y,y,y,n,n
democrat,y,n,n,n,n,y,y,y,y,y,n,n,n,y,y,y
republican,n,n,n,y,y,y,n,n,n,y,n,y,y,y,y,n
democrat,n,n,y,n,n,y,y,y,y,y,n,n,y,n,n,y
democrat,y,y,y,n,n,n,y,y,y,y,n,n,n,n,y,y
republican,n,y,y,y,y,y,n,n,n,y,n,y,y,y,n,y
republican,n,y,n,y,y,y,y,y,n,n,y,y,y,y,y,y
republican,n,y,y,y,y,y,y,NS,n,n,n,n,NS,NS,y,NS
democrat,n,n,n,n,n,y,n,y,y,n,y,y,y,y,y,n
democrat,y,n,n,n,n,n,y,y,y,y,n,n,n,n,y,y
democrat,n,n,y,n,n,n,y,y,y,n,n,n,n,n,y,NS
democrat,y,n,y,n,n,n,y,y,y,n,n,n,n,n,y,NS
democrat,n,y,y,n,n,y,n,y,y,y,n,n,y,y,n,y
democrat,y,y,y,n,n,n,y,y,y,y,n,n,y,n,n,y
democrat,y,y,y,n,NS,y,n,NS,n,n,y,n,y,y,n,NS
democrat,y,y,y,n,y,y,n,y,NS,y,n,n,y,y,n,NS
republican,n,y,n,y,y,y,n,n,n,n,y,y,y,y,n,n
democrat,n,y,n,n,y,y,n,n,NS,n,n,y,y,y,n,y
democrat,y,y,n,y,n,n,y,y,y,n,y,n,n,y,n,y
republican,n,y,n,y,y,y,n,n,n,n,n,y,y,y,n,y
democrat,y,y,y,n,n,n,y,y,y,n,y,n,n,n,n,y
democrat,y,NS,y,n,n,y,y,y,y,y,n,n,n,n,y,NS
republican,n,y,n,y,y,y,n,n,n,y,n,y,y,y,n,n
democrat,y,NS,y,n,n,n,y,y,y,n,n,n,n,n,y,NS
democrat,y,n,y,n,n,n,y,y,y,n,y,n,n,n,y,NS
democrat,n,n,y,n,n,n,y,y,y,n,n,n,n,n,y,y
democrat,n,y,y,n,n,y,y,y,NS,n,y,y,n,n,y,y
republican,n,n,n,y,y,y,n,n,n,y,y,y,y,y,n,NS
democrat,n,n,y,n,n,y,y,y,n,n,y,n,n,y,NS,y
democrat,y,n,y,n,n,n,y,y,y,n,n,n,n,n,y,y
democrat,y,n,y,n,n,n,y,y,y,y,n,n,n,y,y,y
republican,y,n,n,y,y,y,n,n,n,n,y,y,y,y,n,n
republican,n,n,n,y,y,y,n,n,n,y,y,y,n,y,n,y
democrat,n,NS,y,NS,n,y,y,y,y,y,y,n,NS,NS,y,y
democrat,n,y,y,n,y,NS,y,n,n,y,y,n,y,n,y,y
republican,n,n,n,y,y,n,y,n,y,y,n,n,n,y,n,y
democrat,n,n,y,n,n,n,y,y,y,y,y,n,n,n,y,y
republican,n,n,n,y,y,y,y,n,n,y,n,y,n,y,y,y
republican,n,n,n,y,y,y,n,n,n,y,n,y,y,y,n,y
republican,y,n,n,y,y,y,n,n,n,y,n,y,y,y,n,n
democrat,y,n,y,n,n,n,y,y,y,y,n,y,n,n,y,NS
republican,n,y,y,y,y,y,y,y,y,n,n,y,y,y,n,y
democrat,n,y,n,n,n,y,y,n,y,n,y,n,n,n,y,y
republican,n,n,y,y,y,y,y,y,y,y,n,y,y,y,y,y
democrat,n,y,n,y,n,y,y,y,y,n,y,n,y,n,y,NS
republican,n,n,y,y,y,y,y,n,n,y,y,y,y,y,n,y
democrat,n,y,y,n,n,y,y,y,y,y,n,NS,n,n,y,y
republican,y,n,y,y,n,n,n,y,y,y,n,n,n,y,y,y
republican,n,n,n,y,y,y,n,n,n,n,n,y,y,y,n,n
republican,n,n,n,y,y,y,n,n,n,n,n,y,y,y,n,n
democrat,y,y,y,n,n,y,y,y,y,y,y,y,y,y,n,NS
republican,n,n,n,y,y,y,n,n,n,y,NS,y,y,y,n,y
democrat,y,n,y,n,n,y,y,y,y,y,n,n,y,n,n,y
democrat,y,n,y,n,y,y,y,n,y,y,n,n,y,y,n,NS
democrat,y,y,y,n,n,y,y,y,y,y,y,y,y,n,n,y
republican,y,y,n,y,y,y,n,n,n,y,y,n,y,n,n,n
republican,y,y,n,y,y,y,n,n,n,n,y,n,y,y,n,y
democrat,n,y,n,n,y,y,n,n,n,y,y,n,y,y,n,n
democrat,y,n,y,n,n,n,y,y,n,y,y,n,n,n,n,NS
democrat,y,y,y,n,y,y,y,y,n,y,y,n,n,n,y,NS
democrat,n,y,y,n,n,y,y,y,n,y,n,n,n,n,y,y
republican,n,y,n,y,y,y,n,n,n,n,n,n,y,y,n,y
democrat,y,y,y,n,NS,y,y,y,n,y,NS,NS,n,n,y,y
democrat,y,y,y,n,NS,n,y,y,y,y,n,n,n,n,y,NS
democrat,n,y,y,y,y,y,n,n,n,n,y,y,NS,y,n,n
democrat,n,y,y,NS,y,y,n,y,n,y,NS,n,y,y,NS,y
republican,n,y,n,y,y,y,n,n,n,n,n,y,y,y,n,y
democrat,n,y,n,y,y,y,n,n,n,n,y,y,n,y,n,n
democrat,y,NS,y,n,n,n,y,y,y,n,y,n,n,n,y,y
republican,n,y,n,y,y,y,NS,NS,n,n,NS,NS,y,NS,NS,NS
republican,n,n,n,y,y,y,n,n,n,n,n,y,y,y,n,y
republican,n,n,n,y,y,y,n,n,n,n,n,y,y,y,n,y
democrat,y,y,y,n,n,y,NS,y,y,n,y,n,y,n,y,y
democrat,y,y,y,n,y,y,y,y,y,y,y,n,y,y,n,NS
democrat,y,y,n,y,y,y,n,n,n,n,y,n,y,y,n,NS
democrat,y,y,y,n,y,y,n,y,y,y,y,n,n,n,n,y
democrat,y,y,y,y,y,y,n,n,n,n,y,y,y,y,n,y
democrat,y,y,n,n,y,y,n,n,n,n,y,y,y,y,y,n
democrat,n,NS,y,n,y,y,n,y,n,n,y,n,n,n,n,NS
democrat,y,y,y,n,y,y,n,y,y,n,y,n,n,y,n,NS
democrat,n,y,y,y,y,y,n,n,n,n,n,y,y,y,n,NS
democrat,y,n,y,n,n,n,y,y,y,NS,y,n,n,n,y,NS
democrat,NS,NS,n,n,NS,y,NS,n,n,n,y,y,n,y,n,NS
democrat,y,y,n,n,n,n,n,y,y,n,y,n,n,n,y,n
republican,y,y,n,y,y,y,n,n,n,n,y,y,y,y,n,y
republican,NS,NS,NS,NS,n,y,n,y,y,n,n,y,y,n,n,NS
democrat,y,y,NS,NS,NS,y,n,n,n,n,y,n,y,n,n,y
democrat,y,y,y,NS,n,n,n,y,n,n,y,NS,n,n,y,y
democrat,y,y,y,n,y,y,n,y,n,n,y,n,y,n,y,y
democrat,y,y,n,n,y,NS,n,n,n,n,y,n,y,y,n,y
democrat,n,y,y,n,y,y,n,y,n,n,n,n,n,n,n,y
republican,n,y,n,y,NS,y,n,n,n,y,n,y,y,y,n,n
republican,n,y,n,y,y,y,n,NS,n,n,NS,NS,NS,y,n,NS
republican,n,y,n,y,y,y,n,n,n,y,y,y,y,y,n,n
republican,NS,n,y,y,n,y,y,y,y,y,n,y,n,y,n,y
republican,n,y,n,y,y,y,n,n,n,y,n,y,NS,y,n,n
republican,y,y,n,y,y,y,n,n,n,y,n,y,y,y,n,y
republican,n,n,n,y,y,y,n,n,n,n,n,y,y,y,n,y
democrat,y,n,y,n,y,y,n,n,y,y,n,n,y,y,n,y
democrat,n,n,n,y,y,y,n,n,n,n,y,y,y,y,n,n
democrat,y,n,y,n,n,y,y,y,y,n,n,y,NS,y,y,y
republican,n,n,n,y,y,y,n,n,n,n,n,y,y,y,n,n
republican,n,n,n,y,y,y,n,n,n,n,y,y,y,y,n,y
democrat,y,n,y,n,n,y,y,y,y,y,y,n,n,n,n,y
republican,n,n,n,y,y,y,n,n,n,y,n,y,y,y,n,y
republican,y,y,y,y,y,y,y,y,n,y,NS,NS,NS,y,n,y
democrat,y,y,y,n,n,n,y,y,y,n,n,n,n,n,n,y
democrat,n,y,y,n,n,y,y,y,NS,y,n,n,n,n,n,y
republican,y,y,n,y,y,y,n,n,n,y,n,n,y,y,n,y
democrat,y,y,y,n,n,n,y,y,y,y,y,n,y,n,n,y
democrat,y,y,y,n,n,n,y,y,n,y,n,n,n,n,n,y
democrat,y,y,y,n,n,n,y,y,y,n,n,n,n,n,n,y
republican,y,y,y,y,y,y,y,y,n,y,n,n,y,y,n,y
democrat,n,y,y,n,y,y,y,y,n,n,y,n,y,n,y,y
democrat,n,n,y,n,n,y,y,y,y,n,y,n,n,n,y,y
democrat,n,y,y,n,n,y,y,y,y,n,y,n,n,y,y,y
democrat,n,y,y,n,n,NS,y,y,y,y,y,n,NS,y,y,y
democrat,n,n,y,n,n,n,y,y,n,y,y,n,n,n,y,NS
democrat,y,n,y,n,n,n,y,y,y,y,n,n,n,n,y,y
republican,n,n,n,y,y,y,y,y,n,y,n,y,y,y,n,y
democrat,NS,NS,NS,n,n,n,y,y,y,y,n,n,y,n,y,y
democrat,y,n,y,n,NS,n,y,y,y,y,n,y,n,NS,y,y
republican,n,n,y,y,y,y,n,n,y,y,n,y,y,y,n,y
democrat,n,n,y,n,n,n,y,y,y,y,n,n,n,n,n,y
republican,n,NS,n,y,y,y,n,n,n,n,y,y,y,y,n,y
republican,n,n,n,y,y,y,NS,NS,NS,NS,n,y,y,y,n,y
republican,n,y,n,y,y,y,n,n,n,y,n,y,y,y,NS,n